adjudication_id,ems_instruction,escalation
44d749d1e549f8b5,0,1
226f4acb0ace3891,0,1
a395d3d1661ce978,1,2
6b8c9a688aab84b1,1,2
de01f485556d3ecd,1,3
eebcb7d0eb27a153,1,3
0108be5ac29bb62a,1,3
38026814784304a3,1,3
917367bc1922d4c8,1,3
558c717fd7a70540,1,3
1b16d41c4b7ec768,1,3
a470997621276188,1,3
7b9b56cb1171b6d3,1,2
3399a838402e1be4,1,3
68068cfcc2326f60,1,2
c38added1d64ed88,1,3
f6323941bcb7bef7,1,2
87508a350ee8efe3,0,1
841c37b76d8a3ad1,1,3
4c3f4d052a465e13,0,1
a0642110aef4ad1a,1,3
a6c700ad484b58b5,1,3
840c1caad47740f4,1,3
0615f220d47ebc79,1,3
7ca3b74efcb4b3f9,1,3
ca80c594ec30ca66,1,2
e86bccaaadbfe91f,0,1
dd2529b45d38eb76,1,3
e8f07def9ddee972,1,3
3c35eaf9fd382f57,1,3
7e62e6a8098ab4cf,1,3
daf7af0c4b374574,1,3
53694ca04d1d337e,1,3
15c080b1bff6eaf5,1,2
14a870fd89fc7538,1,3
2c08e18b5fd6d5e7,1,3
0df8d63cddca1d8e,1,3
a216ddb9a520b9cd,1,2
b6524653260e6917,1,2
87538a2f11ff212e,1,2
515fe04550816bb2,1,3
5d9c39a2c50b0b41,1,3
314349f8d0ddfbfa,0,1
7cec060ec330b257,1,3
8763921cff14c349,1,3
05faf07a84788e0d,1,2
1222fb3140917806,1,3
e8ac94f8759b544a,1,3
40c592c11c3249ea,1,3
8e6f22a7aeffdaaa,1,3
050e3b5789d35173,1,3
a42fbf6be0c0341a,1,3
8c4f97f827b0ff54,1,3
9737e7ebce1aa419,1,3
ca528d1e0d2576a1,1,3
30a691e8279877b9,1,3
99d39d2f4821df1a,1,2
3e0e7c26590ad38d,1,3
7755e08e30ebe3ae,1,3
52197211db4bf74b,1,3
97d92c5414dbd475,1,3
07163532b09660c1,1,3
b6c465971c474961,1,3
c1ce2b10ee0131bc,1,3
d53c120ca1d67748,1,3
2fe73379744b3954,1,3
b944396b1949067d,1,2
f47e4cd2bfe21ef6,1,3
88c9baf35b188beb,1,2
159305a4c36f3b08,1,3
b0adaceb35d72660,0,1
76fefc46ace9b931,1,3
17c5e65084e7e7ca,1,3
96ffc0a00135212a,1,3
ca2653a884ae7abf,1,2
c84da6b6538fa8d4,1,3
03dda716d821fcb0,1,3
1442fcb6c599ac9c,0,1
a164a5c4395e9cdc,1,3
a0a0b7ba7afb502d,0,1
23cc8f287d007333,1,3
b34917e74f0f8f5e,1,3
92e43dc2c55c9dea,1,3
8f246a90a769c741,1,3
c0ba703fec513038,1,3
3812ece7940ee0e2,1,3
2401c37fe5d53011,0,1
d6496c48339a1285,0,1
6e5a718c01775112,0,1
45e618ea648ef10c,0,1
c80620314aa69727,0,1
126b78d1c9f3b098,1,3
789d4153de17eefd,1,3
8013e689637d39c1,1,3
aaadbed7b9b8fda5,1,3
e43b03148f2f3537,1,3
2229d10b31717b5a,1,3
a7ee6c43be608112,0,1
ad26df153f4b0251,1,3
df5e6cac9dd2f432,1,3
0cc1428264e3da8d,1,3
a9e85b0a65cce06f,0,1
c4f35d022a9fc882,0,1
264269bb2d2b3b68,1,3
39c96039854a754b,1,3
22a0ed0ae18dcaed,0,1
64e153566dd39370,1,3
5a4c8bc42175145b,1,3
6fc38afaca6bc722,1,3
677a94e469495723,1,3
266aea386de4d114,1,3
b98004e512ad7782,1,3
ae081390be5ddcc4,1,3
be6436b184abc6d0,1,3
9ddbb7411c5b571f,1,3
889014330d2361c0,1,3
2452de0afe6f13ae,1,3
1261c804ebd618cf,1,3
4735222e5f3a02ad,1,3
7e9a676aeeb48177,1,3
859966c277f6cccb,1,3
477e7327a0aa4063,1,3
eea4b89971973df5,1,3
900166cbbd373a0f,0,1
0e47850668cf7645,0,1
9da18dd89958c723,1,2
69b6d612c1faf3f6,1,3
c0876bd30422d3f3,1,3
36f885e8b9c91532,1,3
d75afc4f7d8d1538,1,3
0efabac3bb4945e3,1,3
c3ff530539ed81ac,1,3
3aef57dec3b7ec9c,1,3
f2eaefefbbdc9937,1,3
65dc60d7d92ba111,1,3
1991bfc53907dd91,1,3
1db39e1ce690611e,1,2
4590f88a53916c99,1,3
40b0f592721fea4c,1,3
d663a82dc0066dde,1,3
f30f618809eb461c,1,3
cb7ec605a5f1f3c1,1,2
cdea214f29f37dc8,1,3
d182e1d18a162532,1,3
70db9bfd98492ec0,1,3
bfa3eea18a8fe204,1,3
e2ddc3277e8073d0,1,3
c895af57e6c610f9,1,2
aecbe709da66a4d7,1,3
36eb7e715a5d6d29,1,3
a97f47f20620aa13,1,3
ba1f97c8ff5a3208,1,3
73165d16b7fbe230,1,2
f5832eb96ff5d62e,1,2
65732170c5b9ff65,1,2
4c4e87bc752c8f30,1,3
34611ed8ee801e26,1,3
5368209602589552,1,3
2f157bd50a4d2656,1,3
6f0f3002880c3867,1,2
edf04f5f2b3feb78,1,3
e0b7fce6bd3bbf72,1,3
851e6ce872faeb59,1,3
9ffa9b13665e177e,1,3
7a0542464faa197f,1,3
d5174971100e3c1b,1,3
1dfaed7b9d668506,1,3
e1177e1da63b54ce,1,2
69fe2c686e01a1e9,1,3
465a257f6690724a,1,3
d056ff64bdfdb03c,1,2
f2a4fdd4b4f1071b,1,3
445b7ec96765a2d1,1,3
9b2a0ac3c2a364ec,1,2
0682990a126739da,1,2
775735009a1e59e7,1,2
d5d2f7ab28aefd29,1,2
fa9297961b08ce48,1,3
a65bbe31e6f9f59d,1,3
a1d827fc3e0bc260,1,3
e594f7f8229375bb,1,3
79741a12984e61c7,1,3
b514f66da52b2445,1,3
8212682166110606,1,3
d87cedf4f92316e7,1,3
09ad435b31575775,1,2
9bfb09f7379c98b6,1,3
b0d63407fdcd2be2,1,3
11b427ce5ad88bf1,1,3
a57f64169e33aa51,1,2
ebd0974aa310a951,1,3
175ce285d61acece,1,3
65dee4bba74e97bd,1,3
aad7073978f0711e,1,3
227db086d55a5446,1,2
2a39094878571a98,1,3
5168a0b4edfe36f6,1,2
1215eaf5a6b7b2c4,1,3
34dab6b41fae8c2d,1,2
e4a42defb5a06331,1,3
45af06a1bba807e5,1,3
151587fd58fd6139,1,3
ecf9bf129374274f,1,3
7a9711aa77143213,1,3
b2b6748a27ff2ca6,0,1
41c5176d9013615d,0,1
b5714d5f2713f1bc,1,3
9916e461b1f8eeee,1,3
8bde2cfc2c3bc705,1,3
b3cd8644968cb5ea,1,3
fc17e73a6d2ed037,1,3
dea6bb97c5104dc4,1,3
dd340d51686f4caf,1,2
722002218de1d554,1,3
f2748836db2d685b,1,3
8bc86d3b41efaffc,1,3
16453f90c1272371,1,3
948cafd27359a2df,1,2
66bc6abc8cd95619,1,3
423f010a8e92cc1d,1,3
4c44ed1d352afa35,1,3
3998c784f00facb8,1,3
7ea13f5781c55e2c,1,3
fcc0062635bb6dff,1,3
57c1ee0b7ebf4358,1,3
693dd1e65508a329,1,3
9336c1d68a39aff1,1,3
b004b8fb49e4021c,1,2
5b5b9f664411bd4c,1,2
3594d51086200e2b,1,3
3b49f8cf82816fd4,1,2
37c45e5dc87d2166,1,2
c8cc6e3b16c10eb0,1,3
ad01ebb8a1fc53db,1,2
01179f993605f0ee,1,3
cd82499d3d7b0129,1,2
33faa9786d7d9f0d,1,2
991c5be861266438,1,2
7ce79102835a6870,1,3
675eb31a130d7044,1,3
781692ce588f082f,1,3
031055651769451a,1,3
8b7f561fbd4f42fb,1,3
69ee4d445e265f3c,1,3
29bd0882afe02e6a,1,2
3e91f4770972580f,1,2
e91537f6ad343a10,1,2
470e9e66b834aea0,1,2
35b90a8a44ccb126,1,2
eaacada1d3ed5a1b,1,3
f2da7e23ecc5ca69,1,3
2f493bf612d9254f,1,3
505041a4ad17ac3e,1,3
9af79e6894298d54,1,3
7b4c6901b0864a3f,1,3
174b00dd54d365e7,1,3
39fb9dbd1e50ad7a,1,3
3dd548b3b9ffed6d,1,2
b77a93b101fe4a84,1,3
58ae14186d2c2a8a,1,3
12820d70d06d709a,1,3
eb88c90b61aff67c,1,3
c005ad655c51f912,1,3
4ca31b5ffa34d413,1,3
df1f8f5537b563d0,1,3
bfd83c081998b75d,1,3
9697c966a2340bca,1,3
6f6f9553c16ca3e2,1,3
12b6dc06bd21c67c,1,3
5d5da793b086cfb7,1,3
f457fc38a4acea40,1,3
c0ae4b299f548708,1,3
9b86fd284e480ec9,1,3
571fa5174a651f93,1,3
b10f9547e8a6cd82,1,3
5ed8b3a17cc1bea2,1,3
6d45d3b5a8aef560,1,2
7153b14ff3d910ee,1,3
c1a8ca668a8efde3,1,3
ba9836f61ac73179,1,3
1f9ccd6543729325,1,3
7bed25b00b8fa8d6,1,3
3c0ee12189518e51,1,2
bca41751d6a3922c,1,2
c03e4a190fc7565e,1,2
4196cecdcd1c5157,1,2
b534292eaa116007,1,3
2cfd1aaa379ab87e,1,3
a4cb79397a06af57,1,3
57b2715b453dc080,1,3
fe17aab19bda7cc6,1,3
e3fc3562a190e29c,1,2
b5db5054481e9e46,1,2
7341a8605d41114a,1,2
51359d95881f580c,1,3
c8c2e0084a942ed5,1,2
f49ce54bde15f4da,1,3
364473ecb27807a6,1,3
d06628bd3e829836,1,2
3894d3476df2cf86,1,3
0788eecf5af0d265,1,3
68078b6ba22b1eae,1,3
0b341afe11d8a8e2,1,3
ede7797c57ec899d,1,3
63922ba40602655c,1,2
6d6cd3ff64c2e1df,1,2
c5c9b16b41599323,1,3
d825027b2f2894ad,1,3
727c110a697be581,1,3
894d5b789899bb49,1,3
8b508790bb86a0c1,1,3
5a6e4e87c5474642,1,3
a084af299562077c,1,3
d590d06f2570fc17,1,2
5720ab67ad5b5c51,1,3
c0b9c2d5f86fc402,1,3
745b88a3a09771a4,1,3
5baabc604367a8ba,1,2
bc4e03bafce30fcd,1,3
e293e757e0221115,1,3
01e67a791c923a51,1,3
a2ed8e34d286ece7,1,3
b73e63a0babc9005,1,3
6bf051f4ea1c2093,1,2
8bcf8d8de0dd957d,1,3
04957ac439dedaa9,1,3
23077ae6b378897a,1,2
aa962952d7629440,1,2
cbb29ec2f0ac4bf6,1,3
a6ed60bdb03557df,1,3
fc17d6e215fb363a,1,2
03ef4c087925bdb4,1,3
3c44bc6fabd0e6f4,1,3
73cda674aab107d1,1,2
4ca0d83c1a40a57a,1,2
87d5ea4db6aab83d,1,2
bf027f2f73a7f1b7,1,3
f4b0ac1a84858102,1,3
f28068aed42da4c3,1,3
86990ec026595040,1,3
41b8e5879ea97c06,1,3
13d91184d75b19fe,1,3
69e3181267032163,1,3
1ee7cca7f6b6f4f7,1,3
88be5dca05fec2c5,1,3
f20d2eed085b01dd,1,3
cd177d17a62e041c,1,2
a35c2cb0a3da58df,1,3
e784f3832471f290,1,3
cadf322b13e35b85,1,3
0fe6016006ae0346,1,2
f2845ebfebb3cf23,1,3
2a3661ed3a66d38f,1,3
e86ec0c7cb50ba53,1,2
6362dd30d52f1f04,1,2
aadcbbf04c5d7a53,1,3
6040947c8a2eb762,1,3
7834dcd03ad55fdb,1,3
8b611f5d82c0a662,1,2
f04a682f9429bdb8,1,3
0627a1d759deee41,1,3
1dab1150c5c4931a,1,2
030a45f6bc0c04e5,1,3
22bf946d49d0c906,1,3
4466f6e7159cfdde,1,3
7085bd378f2e134b,1,3
89e7277ef3b354a1,1,3
a849858637fbf2eb,1,3
724aca9e58662de2,1,2
e3d13e580eaa5ab9,1,3
f71ac3e33b2c4789,1,2
77a7e870caf61b82,1,2
8e4bfeb2c3b53429,1,3
1ecdf96f87a7c867,1,3
89b8e9beed06df21,1,3
8bbc645f0880cef2,1,3
4a5a7e19e2e1cd90,1,3
7594452b2e13ecc3,1,3
36a3120ca4a7fab3,1,3
0d4ee4fa5c36eb4f,1,2
7217bf12b2e57fdd,1,3
21e480a4b7068c84,1,2
8974124984641138,1,3
55388f8b72097742,1,3
4181a60c83565b0f,1,3
6455cba495b3d0b0,1,3
402de259723a3dac,1,3
03c42d7f6f7e88ce,1,2
917347b10b843c17,1,2
17d943997bdbbd81,1,3
469876f7c2f6d201,1,3
c7c5b0a21a89ad1a,1,2
7f62647de9787c71,1,3
48f60c3d878185b0,1,3
54a0566d630809e3,1,3
e8363fdd9b3d9342,1,3
ed8c02c83be50e1a,1,3
d2a502ea8b1581a3,1,3
98dc25a74c797d07,1,3
3cfc443960bfefaa,1,2
c6ea68d225856dc9,1,3
8b47a30b618599c8,1,2
f951f46d7b47a74b,1,3
1e089c905db705fc,1,3
e5d0fb058e892404,1,3
f1d28cf899f48910,1,3
e879fae7326bb4db,1,3
de301cff33fbd13c,1,3
e8b17159113d930c,1,2
a6ebfcb841a198b5,1,3
00dbd547905b9a18,1,3
00b1fd9aef09c900,1,3
4b72254aefe4dee1,1,2
4276c210be5bb69a,1,3
5dd5f04bc8fc7a4e,1,2
7f39207b563d1180,1,3
1fe6c16def11da55,1,3
03ac70484715fa2f,1,3
da2a4b9323bb7682,1,3
2320cde02bb1d06d,1,3
f7145fd76dba3d73,1,3
c8e55e5bd0906965,1,2
07d9a19a8aec0115,1,3
6f23346151c7a84a,1,3
ef85e26941dbee72,1,3
af8fe07e23ebf3d1,1,3
207777fcaab49b6b,1,3
41c20eaa24fd8650,1,2
565e9041969dc5ed,1,3
6af06f354c32f0cf,1,3
cc77cc818469505a,1,2
8b84b631c11c6ade,1,2
35045ffe275445a6,1,3
1575c22fd14f3e59,1,3
e69533e98f69951c,1,2
08d7ddc70b7e1649,1,2
db409c22652c8871,1,2
54aab83fe68cee99,1,3
11e1ed0e7f09a002,1,2
5d9e53d2334faea7,1,3
4aa7faede98c55cd,1,3
1c982aea82f12457,1,3
d76c5af0d275a528,1,3
f1d00a9de0b9fe44,1,3
bd326f0ea2739497,1,2
9e1c937cd90b726f,1,2
56fa3b86433f2658,1,3
97737e4b1c414de7,1,3
b088ef62245d8521,1,3
4b9c0b227f475b1d,1,3
b9f1599f1752e4dd,1,2
c66312a42d0cf0ce,1,3
871150197226855e,1,2
b56b9c3a78e908b3,1,3
bd65900563fcf81d,1,2
992c919d151fe338,1,3
979e3ab5d43aeba4,1,3
3ed671bd268e5294,1,2
da558fc86fb8843a,1,3
262b18de9bd25a21,1,2
4ac52b9837369da5,1,3
65cdea3e321a24d0,1,3
5025610090980e72,1,3
6cf768d064f5f040,1,3
9e2b91505884a7d1,1,3
fb57c299a9a6ee5a,1,2
30bec2e250da342c,1,3
9fa1530628dae9e2,1,3
445ccda50c008a52,1,3
c5f47aa24bb14999,1,3
02149b54a0fa8379,1,2
a47db0d3d84da801,1,3
86f2b8e347b95935,1,3
867accdd0ea2ef53,1,2
0d1c5ef8ab141c79,1,2
772284c96f5ec44a,1,3
5657825b08f7e7d3,1,3
4999f8500e07581d,1,3
a0ba9e3aedebf9ee,1,2
651f3e479cb3cded,1,2
796f0eb7682e1b96,1,3
fe9c059ee83f4cab,1,2
468c8ad690d21ec6,1,3
4892c94e0579c3f5,1,2
b3d528cc8047a340,1,2
82288943369b6bc7,1,3
5be1de78afd2cb57,1,3
c05f63ff8d1e0035,1,3
f631ca689f39623f,1,2
39716536c7031325,1,3
5c7a23c3e99e5c7d,1,2
18340b7dfc8a019c,1,3
dc58433da795351f,1,2
e88112fef39794bf,1,2
fc55eb0497672332,1,2
3b93cbaf6bada089,1,2
4298e98a2324b6dd,1,3
ff18b124c11c7265,1,2
88e44c14778d079f,1,3
27e404b61b595507,1,3
c6f397507901a7ed,1,2
0a4f88d2d09fa066,1,3
0eca00cacf1d7dc0,1,3
98b1feeef6b4f7c9,1,3
96368c3711fe3fc3,1,2
84d2dab4a28c1a4e,1,3
7ce86d7b4f157d6a,1,2
73d254f072f89a8e,1,3
cd596b2c4fd32372,1,3
b07a21c63991907f,1,3
165c707da199c48d,1,3
4878d708fba0b473,1,2
02b469e334fd67cb,1,3
31acf657e98858dc,1,2
9097a2818b8b4b0d,1,3
16d7098ee0df99c4,1,3
a17fffdb17725ee2,1,3
b2c8350a1fb6f9bc,1,3
10305529e6ee65f5,1,3
2b87b3b8f906d81c,1,3
1ad35ce0349195af,1,3
c11222616375f81a,1,2
f304e56fa1cbe658,1,2
0893a47abd3d7d3c,1,3
8187e6a8060c8482,1,3
7cfeebbc46c83709,1,2
9c67dcd14a92c987,1,3
4ab845e74aa6c261,1,2
3bbe7b9ccbacf650,1,3
be3a50c149546315,1,3
d4034b2ca466901e,1,3
5f223332f6adfb09,1,3
b6a98fcf0778f4c5,1,2
8eb582412f164849,1,2
922bec3f47f2640b,1,2
83eb8332714947ae,1,3
ef66d3a30efc9d4d,1,3
285e05c04f5b847f,1,2
bb3d4481561b8531,1,3
4ec9ae9e7b7bdc19,1,2
c934d3da910760cf,1,2
8287d5da6af3e984,1,2
eaea4bdfbbede057,1,3
48bf806f68d85bd8,1,2
775f7234ba2e41e2,1,2
a09986d97890fd46,1,3
9380ec549a2e26e6,1,3
6392fdd62ec39edb,1,2
ce8abfbd9ebca2df,1,3
3dac22caceced360,1,2
75f2d630065882c8,1,2
797b902a48666dd6,1,2
fa0b8c282b8758e8,1,3
e92b55209d9ad6e9,1,3
ff34f43ab468f446,1,3
466e713eeb785f8e,1,3
7513aecb47204dc8,1,3
9fa4b4d6b9bb738a,1,3
d25f46d3d055d6ce,1,3
09e4ac5aa533198f,1,2
cbeacb67c7941272,1,3
d9ba6c22836f39da,1,3
2c7667cf5f52077c,1,2
63d3b4a0f30ed7fc,1,3
fd0937755c4109fc,1,3
ad81549374ef1858,1,3
03bfa9eb7ce2edd6,1,3
8ccae3b6fb3eb473,1,3
e709aafd7e0b0fe3,1,3
a78a5a375f02dbf7,1,3
e1a6e4e91b8c1407,1,3
056d7203d89e1a71,1,3
1c972f11a2fc27f9,1,3
33ae052c6a56a6d8,1,2
810a72687a4fdf0a,1,3
20e18d44452a3393,1,2
44479f50a180567f,1,3
57c426f16d3399d6,1,3
74696a75ea0596f3,1,3
57b891964d95b6d0,1,3
87296a6626e8cae7,1,2
f8919e59ad29fdda,1,2
88a33f1d7b0a71a1,1,3
7a5233ffe6fbab81,1,3
4f15e3d36d48af6f,1,2
ebf63d7dd7c874bb,1,3
d524b208f5216da4,1,2
f35ef81d5a9bd8e7,1,3
f7f314770a6c9c3f,1,3
ae5cbd54d5a6eb8e,1,2
1398b317e8d75bbd,1,3
c597c0c4642bceca,1,2
fb40168de347c870,1,3
1b03ed10221983ea,1,3
144f929be746f548,1,3
bbb0adb22db38659,1,3
4ffa61a93101669b,1,2
e9e4f63e4d80a099,1,2
b853381b0f043c4a,1,3
d086111c6c41d33f,1,3
6d8d104e4cd2e738,1,3
cfa1894467b602da,1,3
988b8412eb728c5a,1,2
2fa9582862b1f62a,1,3
a607894458975ddf,1,3
b076cbaedc6a6e98,1,3
1fdc4f342e4dfd59,1,3
338d39af9dc028d0,1,3
a445b8f528b8ab4a,1,3
57fe9a90b243da4a,1,2
f2fafd628a6568d0,1,3
f662211ba909f0f7,1,2
0bb1e6cdb89b2e83,1,3
a4e7d6d86938e37c,1,2
2091bcc3c30e0a50,1,3
eaea118d1fca330d,1,2
fc54bbe13a5be47c,1,3
450a5fa3f89589fa,1,3
d21afab14e290015,1,3
f60c139e921c012f,1,2
d3ecd951e5ae38d0,1,2
e4430d3f705b3901,1,3
adbf370d3e05ab9b,1,3
869372ffc7476cc6,1,3
bbb1257110e03bb3,1,3
c4548d21b74211ea,1,3
98984e38306407c0,1,3
3699a964ade14550,1,2
8d3374e700ac4ac6,1,3
46d12449fb851da4,1,3
4a18594ddc426af9,1,3
804331845f5db612,1,2
309cd058f83d4c85,1,3
47974d3ec0d862a4,1,3
32ebca00264fb75a,1,2
cb92eeafd4dced64,1,3
1f59aaace44a3bf9,1,3
7ff2cdb45877f2f1,1,2
798dba7508f29bb5,1,3
72698f1711183839,1,2
09442e2dbe80807e,1,2
2ce14bfde0242a11,1,3
99016e0c0889a5ff,1,3
b55e5fc4b11272f6,1,3
6bf537c1b44cc399,1,2
1b22a5572ce87a1d,1,2
d3c685fe0e1a8273,1,2
bc999d82d9a09073,1,3
d2946cc94700b7ab,1,3
e7d10b2a68119378,1,3
45364973cf415164,1,3
52e00b4fadde98e5,1,3
dcb45b0cb55ffa4f,1,2
5dfb48491ba4194d,1,2
cc33528156ba3624,1,3
4c90268853188f99,1,2
fa4e447e5f3291d2,1,3
a23bb4f3df1cb01c,1,2
e60b79e094ca12ec,1,2
c4388b7158984f0d,1,3
4499f256eb076437,1,3
9532269d4057412e,1,2
2ea7448b5ddd5272,1,3
a7042407e83e797e,1,3
4fb971abc3f1eec6,1,3
12b0ff8a412158ca,1,3
56efe79a7ed2f77f,1,3
136d0555c892a7ae,1,2
c4a051b3275dc6c8,1,2
f668f7ef1da2e54f,1,2
67771fe5ef71f16c,1,2
e21f2ee0118c7fce,1,2
ef55508d7a2e50a8,1,3
c531583e49fc7996,1,2
14d08168c7162b2e,1,3
7eae706abf4fc22a,1,2
b6d4efff7bd7fc0d,1,3
f260e98cc87d3361,1,3
e4229175be9dc316,1,3
450d6dd1beae434e,1,3
5fca633ebe128e36,1,2
53551dc07dfd96c5,1,3
3f224242a8e2fe49,1,3
52952e5cfab7b6cb,1,2
fc9f9cacc1af5e43,1,3
589a01d4a8a0b4ac,1,3
b72743650171dd87,1,2
f8366c61ce5a845d,1,3
29927ef4c31048c6,1,2
d4e0fcb4245f8f09,1,2
c50d677292566346,1,3
f8cb4a41e7a07d76,1,3
2c9ec242b2558810,1,3
09acac329b8a7f01,1,2
d6d16cff933ed355,1,3
4021e8b48b766df9,1,3
42365418904e99e4,1,2
f5d65c2f12a17f2c,1,3
7ffa486003532317,1,2
1ef732b17c2e64e7,1,3
fb77018eeee64394,1,2
d779c7cc016310ee,1,3
99ebe23709c2cdf8,1,3
8f920581fb84976e,1,3
4e8d0779cfd05256,1,3
1acb07d09a11f333,1,3
32722b37d53b08d8,1,2
025f266521284ffa,1,3
61cb7f613859f1ad,1,3
43d952e9bdc250bc,1,2
738059a97f696b99,1,3
77dc285d76a8b46e,1,3
c9b2e17efa9976ad,1,3
d72fb80cc72bc6ce,1,3
57fbfa600ffce5c3,1,3
de23ac45ccde0d1a,1,2
390da0bcc5ca9c42,1,3
d1d67ce6d46f4765,1,2
97db80ddb5c42696,1,2
db9694d47e724f77,1,2
353a5d6889f08885,1,2
5669e06ac8c2413e,1,3
8bc6a9e405ef1585,1,3
8a76d60b977c8518,1,3
665b0f7bd6fabede,1,2
82a8d6c85ac4de5d,1,3
006469b94dcc3f77,1,3
83e313342414baf0,1,3
3fa2777b3af1d1a6,1,3
6e91e7c48843445b,1,3
44a5785e4e094844,1,3
9cdaeba69b4fb553,1,2
7f6b144fbe9033bd,1,2
0648656cec674993,1,3
a66ed335bc0ec727,1,2
972bdb6a1d10bc8c,1,3
85038717dc65911f,1,2
af5b267cca5f6d2f,1,3
26ba024a3929e405,1,3
8a9cd7275ce9f53c,1,2
d12280d89967316b,1,3
1597822582c98976,1,2
e63c752b93e3e13c,1,3
ba0608dbcb702521,1,2
2a9b0103d7f48bc2,1,3
38391d66cfe1f56c,1,3
3106177a71b8c0be,1,2
7514c786bcdf707e,1,3
66f04d48d9d864f2,1,3
455cc629cb9d3777,0,1
af634ef23ac91f4e,1,2
58916aa819890140,1,3
9b7113f79e54e50e,1,2
c3053ecc2248872f,1,3
853afad22e5bf26a,1,2
3650e164bec06e50,1,2
86df0c1718650d8e,1,3
dce9119e22be04e2,1,3
6e59602a32a6c324,1,3
3930cec327bb594a,1,2
53884fc659256b6d,1,2
bc1a6d1639793d7d,1,3
764c6a12c2116289,1,2
6d2120d2e50d5d14,1,3
72cbaf88864d7ddb,1,3
a53eeef755dbaa93,1,3
c3c279f7eb013c87,1,3
5e862888ae446712,1,2
8671e10ebf53fc63,1,2
c421d2392403f283,1,2
7146a4b6326865ee,1,2
07dea69a6b6d80eb,1,3
50cd35b08edc0102,1,2
fb7c82dba9e770c0,1,3
700aeb9a3b200d2f,1,3
a611b0163fc36f55,1,3
7c4c98c9257280ee,1,3
c7ea802d7f576bb0,1,2
6c6fbb23f89da3e0,1,2
4188c4a9ab15719f,1,2
5ab20ac81944282c,1,3
2627c0023c802278,1,2
99fcdf3804cae8f1,1,3
5aad7485baac28ac,1,2
55b085a88427ace0,1,3
d34bd9444b6f04f3,1,3
ec4f5135c1781763,1,2
3de3f661c4b1795b,1,3
f3d3f97664802da4,1,2
b1d7ec5ab2858321,1,3
ede5ae5101b3d55a,1,2
bd0123b49be47108,1,3
f3d7b7da5a5b91b7,1,3
e811b6a54900b261,1,3
53730fa44852c2fd,1,3
a056add9d472a205,1,2
c8230456acbfa4e2,1,2
7d1f213567f8e55b,1,3
d3ddc81b02002f3e,1,2
91b5d0d2c76a6dac,1,3
257b64739cb4ec1f,1,3
bd3ec6db187ea996,1,3
63372ef803369f75,1,2
e92f9e5126ed6f7d,1,2
f4b9ded08e457b00,1,2
3ad9e34ce976b12c,1,3
63ffbb54f855da7e,1,3
1f19c1be12c99a0b,1,3
73e40b7eaaffc6a2,1,3
823e86645d385531,1,3
b121f6195e97a726,1,2
81f3000e378dd948,1,2
4403846f55c90df3,1,3
78eb2df20ff0814e,1,2
10b08c9844c741a9,1,3
b7bb5d147669e222,1,3
342b1378c66e502b,1,3
916ba2bb9ca41c1b,1,2
ae71b1ecf5764530,1,3
e56df419eebb8efe,1,3
af0cc039bbbfba19,1,2
548ab5f64282fe48,1,3
f32fb7c7102319c4,1,2
d2855e08fe45a26f,1,3
f6a0399c09605090,1,3
2e8da6cec3956ef0,1,2
e4117d74c8969798,1,2
ec429dcfa22c6b2b,1,3
f207ae8e62aac38e,1,3
44788e61c648a4df,1,2
a38e01f14d5d490d,1,3
0b826ee7d1488f9a,1,2
dfa5beb4b8613117,1,3
2946a85d436c81b2,1,2
0dd5d0ec42020994,1,3
1c3158ca61a86d51,1,3
dd806983f164a343,1,3
c03a29e15cdbdc19,1,2
0fe356371b968ff7,1,3
689c51bed8fe0d91,1,2
d5f3df553d52a3ef,1,2
526998021f576921,1,3
c7a3a40201e23367,1,3
3999b9361aa297ff,1,3
0fd4c2bd3ffcde4f,1,3
96fd9dcb57bee594,1,3
414d87b41763df28,1,3
8e49e2566291237c,1,3
a2012d090da2e576,1,3
9c4fc28bf4af2f15,1,2
d44f943abf7e33b3,1,3
ded729cb8d22a115,1,3
d5e5a55fc4ed3e11,1,3
34c73e7eb4fbe72e,1,3
5278fa99a8d9dc2e,1,3
ef43307fe2806b69,1,3
c5d7de86eb0ba8e5,1,3
149fe12613afec62,1,2
1667c16ba4d4de65,1,2
341dd49357657edb,1,3
5519e04588b4c7c5,1,3
e951a4652ed6680e,1,3
066266e9e41e2529,1,2
3344b94aae2a27d0,1,2
f34955b991421d7e,1,3
f41c01ef8ac3570d,1,3
61f8ca3046ccf5e9,1,2
b11f8eee32e82718,1,3
db59ebf31ce12217,1,2
2a4e54e81bf2892e,1,3
545b8a8fc0fcd305,1,2
6075d34cafd455a5,1,3
4d3d534cad1387ec,1,3
986c7c719abbacbb,1,3
bd3862d2a0b17679,1,3
9188af48f9ec1bfc,1,2
4c87284124634c03,1,2
4398fa0df80c967e,1,3
08ae7e64b032ccf0,1,2
c24a80d248c2aa5c,1,3
3253900407e3139e,1,3
ffa4c2d834829f3e,1,3
e3148c10826004c2,1,3
9640570ae11346ca,1,3
ee2eb7d12e498242,1,3
df09de1fe6744050,1,3
0f4846fae6cc9637,1,3
8e63a31d3871db79,1,3
4a267721eb7e52b6,1,2
0c9133943a04c974,1,3
eae55f0b20c79b9d,1,3
8dd0d09f4a71db0f,1,3
cac1d783236fca18,1,2
ab48fb24a01fc50f,1,3
38c6d02422e709fe,1,3
f3b2bfa21126601d,1,3
49730f7ec3fa017d,1,2
0de424b09ad1e79c,1,2
a9cd336d686a129d,1,2
a00ec39d05d47494,1,3
bf32fa2b9195dc4a,1,3
721fa97b9ecd02ad,1,3
123e169448e0187b,1,3
8c12f9459eb608c7,1,3
3c332455a456970d,1,3
982ed22b32b715ca,1,3
1cb5eda12df4413b,1,3
c1c250b17dc4bd77,1,3
cfa21b0519c63b11,1,3
455be4a1c90c1981,1,3
9248631bdad65dc9,1,3
5c7bd743fa9a3076,1,3
55913962ebac2e7c,1,3
ece5c296f4d2776b,1,3
bb082bf34348ada4,1,3
2f959036f5666efe,1,3
28476131ca283df1,1,3
37f12c4526ebea7f,1,3
6b79a47efad0c907,1,3
e767f32eb9b479da,1,3
972a3658932edf72,1,3
502ff36d21f21236,1,3
3ab323941c6a158a,1,3
38dc19183ba044f2,1,3
c5877156da4e047e,1,3
c1b5f694ccc80dff,1,3
afb7ec04b9f45340,1,3
a42609d728f707b3,1,3
53798b8a472a60a9,1,3
0ed94a76957d6e3f,1,3
4a6bf7abb9cf843a,1,3
b8098957bb2311e8,1,3
b1c9893a8f2a704a,1,3
afdccd7e5e900aac,1,3
65a48499bd17c605,1,3
d829907f07d62c7a,1,3
dee848d7dfb5e8ea,1,3
97d90ffed17ddd94,1,3
f67a04df1961bc08,1,3
a90137cfc606bd3d,1,3
c6fee5f6fba1beeb,1,3
fb77b8294108e1b3,1,3
f1e621f4cfe80ceb,1,3
d44720bbc69a3fb4,1,3
d20f8500dbae9770,1,3
8bc66a8d7f058411,1,3
e07e4e7cba0a8d5a,1,3
0e13331804dc8df4,1,3
4ccf23510b6e664f,1,3
8d3642910b603663,1,3
6b9976cdf51deb11,1,3
846fa3aee8403502,1,3
ac03ee8bda8c27b0,1,2
64442c99c1221156,1,3
da03b439fdb1b32f,1,3
1dcc2e161356d4ad,1,3
5f0f168d25ce3ae1,1,3
e4f5632455e49092,1,3
97dc14d08ae2d262,1,3
63ebd3ef0043c613,1,3
699bf43d7aff93a1,1,2
923302547a4d36c4,1,3
f6d7be1c8093552f,1,3
15537607a279e66c,1,3
72720adf6ff8613a,1,3
4480382467efbf3d,1,3
7466b2936642efdc,1,3
3ae79eed7221ff9f,1,3
79464f0d6cb46c32,1,3
fdaf9917e2d8a72b,1,2
bf17e8b0be1fe801,1,2
76f06a5ed0a1d009,1,3
4c0e624c9e89606a,1,3
378f299af944ebd9,1,3
0858d52f9b265a1e,1,3
64828ca824140978,1,3
162c44f64842bac2,1,3
3f53b4a95410ddd7,1,3
4b9a7e1ab37f9d9a,1,3
aa0dbf295699314b,1,3
19bcc6496c2379c3,1,3
8c72bdd3897b3e11,1,3
5fc90d59124b5a20,1,2
8e2939e5c4be8a23,1,3
122bfade61c44cc6,1,3
36755c6a532bfee9,1,3
3dfe377a17ad074c,1,3
bf74664581fd2936,1,3
ad5f2e32284b10c4,1,3
fd0dce7883ab88d2,1,3
2ebc401015419cee,1,3
484b18434bc56a6c,1,3
727d7e284de83d46,1,2
2cb9520cf675d47b,1,3
5d5421fe29cc7e0a,1,3
ef9629cb2d0b9423,1,3
d9f187a6f113b186,1,3
afbe0a8cd2a3096e,1,3
1974463549e2f0ad,1,3
29acc9835797b9fa,1,3
612d86e87cf89b5f,1,3
0e34e6f877217382,1,2
913b18d9d779fc1b,1,3
9670974e5b5a272b,1,3
a05d21bbb42eb053,1,3
da0ede396df78bb9,1,3
b4dd3c770a5782b4,1,3
103fb357a7d0a089,1,3
b9915553615c814c,1,3
269e12370dc3e6b5,1,3
e557c64f9960bab6,1,3
05d33a2f7bf15cdb,1,2
48a124e7dbe5bf1b,1,3
4b41c9a0773721f2,1,2
001938addfe8f633,1,3
102b3ad09ea41ddb,1,3
bfc41e0c742ec677,1,3
6257372070b1b7ba,1,3
dc1f213bc4b910a8,1,3
8a9952025d90b297,1,3
e2a6b275c44578f3,1,3
4961a71c230a2b1d,1,3
e7628ac814759971,1,3
979c86e4dfb55ace,1,3
ce0d5788255a4925,1,3
2d54d1177cf6298f,1,3
d7dd84e357911688,1,3
b2c10399b9e75712,1,3
f5ada5989b4ec0e9,1,3
8bd272ebb5ce7f27,1,3
0512bce67606de6d,1,3
9e4f92c0e3befd1d,1,3
001f751f014a748e,1,2
5e0c83a788d09486,1,3
2768c5cbd8bb1fdc,1,3
541a41ab5abca718,1,3
e62f890769355a6d,1,3
82c2ad5d883696ac,1,3
83306a59d76e7c1a,1,3
4b06d2d3e091d175,1,2
1e01831afd0ee6d8,1,3
883612a976b3cc25,1,3
df0e2c7d5982d86f,1,3
606f242af21c2d21,1,2
b6f9a086a0a10e78,1,3
8c4df324ac79b63c,1,3
dde7d203fb14df97,1,3
8f59bfd1f9412e3b,1,3
d1f369d4f3ba916c,1,3
ae5f5c501f172ef6,1,3
65905e7476c7051e,1,3
d946333149021c67,1,3
789721fbe76ef5a1,1,3
48dad1e69b35fa65,1,3
0bf813e73dd8e85e,1,3
2381597a6819365b,1,3
2bd4b1f275e79c8e,1,3
76da85de440d9021,1,3
1f0e6176082ab845,1,3
523221f895420cde,1,3
8812be102335afdf,1,3
071aa3666064724e,1,3
1d8ffaac1a763768,1,3
16e9ebcf9348c6c3,1,3
33d918548a61d053,1,3
2887b8e6af283767,1,3
dce395d3814137e7,1,3
cc39b22b6ac27eaa,1,3
0732066b34eab142,1,3
8ee153e8a8e380bd,1,3
64891a20194b3a29,1,2
a0b4e7b716f0f3c4,1,2
6165e19c68df9dee,1,3
803c1ba12fc2159f,1,3
8b3fcbd21442969b,1,3
b440fa3788035a62,1,3
44e51caa6ba82756,1,3
705d9f68efe7832f,1,2
b0c66076f263c84e,1,2
83a605764ab16531,1,3
e6e04cf3f96c824d,1,3
3f97d3cec205386f,1,3
c9cf409ebfbf000b,1,3
9bab36905e78dbb4,1,3
c1c68d3750714dfc,1,3
95cf2264da3455f7,1,3
29a09386f442aaa2,1,3
764ca6ccc0c68954,1,3
43b03d3999d5623d,1,3
3df40024257d76b4,1,3
509446cac777b450,1,3
b6e4ff396ed4cb89,1,3
87d61d13c0e8871f,1,3
28afd637955866e5,1,2
c2a02f62d618114a,1,3
014a7906521d428d,1,3
c749966eca212a43,1,3
9f17d853a6e43f0e,1,3
e2fa3966b03d3e6a,1,3
97a154ba491bb8a0,1,3
e92036f007464e8f,1,3
3368c052f989f68b,1,3
6e0cbafd9fe54dac,1,2
d8a7ae3a1f7d4c05,1,3
6cad442d5c5855c8,1,3
a5c7c6438127eeb7,1,3
af509f75ef670d7a,1,3
72c85a0e9971e30e,1,3
e6689874aff9628c,1,3
3e5b0b9b4291fc1e,1,3
ffbee5b0a1dc638f,1,3
9dbe02e7d969bbc4,1,3
0f5909aeef1e2cba,1,3
a164eba909fd3f74,1,3
afb9338fe8a44e27,1,3
e7f8ee4f2630b9d3,1,3
5b6cf5af7a7a645c,1,3
3faa8d836646f0fe,1,3
042a53c318863e23,1,3
660d182256a40df7,1,3
a49ec213585306ea,1,3
0b0eeddd9c7ebeb5,1,3
6c426fb9f64db1ce,1,3
9d2e6607394a2e55,1,3
6533cb3cc5edcd92,1,3
41efd5b175c226ea,1,2
57ff091d346f99c4,1,3
b1f159907c0ece27,1,2
0f34119832fcb2b8,1,3
b8045d0d78374542,1,3
9c9b3256d2e7edeb,1,2
740c36811cbc45ae,1,3
74ee99a059373f1a,1,3
62429f1f5d01f84c,1,3
467f73c38b43bb89,1,3
4be820ca27ef7c7d,1,3
2f8e08fce27eb424,1,3
d069ea3c413984b7,1,3
f86f14ff47d10a2c,1,3
bc16cd085fafa241,1,3
04faadc50e2cfcd0,1,3
b367e292b3681af5,1,3
76d398efedd3f598,1,3
560825478e6c91d1,1,3
9337f5d81ff6bd4e,1,3
9087d5603c1b6368,1,3
ee48ebec490a14a8,1,3
a88bb3891cc0bbfb,1,3
3abf2b8f80a46c3e,1,3
183b035fc2772c87,1,3